sequence	16S_rRNA_Count	metadata_NSTI
OTU000001	1	0.021092
OTU000002	3	0.033076
OTU000003	4	0.02284
OTU000004	4	0.5890529999999999
OTU000005	3	0.032499
OTU000006	1	0.084901
OTU000007	1	0.16806300000000002
OTU000008	1	0.157387
OTU000009	4	0.214128
OTU000010	4	0.306717
OTU000011	6	0.06448999999999999
OTU000012	4	0.640495
OTU000013	1	0.064564
OTU000014	4	0.557309
OTU000015	4	0.443325
OTU000016	1	0.083106
OTU000017	1	0.518845
OTU000018	4	0.283978
OTU000019	4	0.364719
OTU000020	4	0.643297
OTU000021	4	0.531269
OTU000022	1	0.066835
OTU000023	1	0.031244
OTU000024	1	0.181427
OTU000025	4	0.338864
OTU000026	3	0.14821199999999998
OTU000027	1	0.021338
OTU000028	1	0.073888
OTU000029	1	0.200906
OTU000030	1	0.06374099999999999
OTU000031	1	0.06469
OTU000032	1	0.031005
OTU000033	4	0.07006799999999999
OTU000034	4	0.256562
OTU000035	4	0.310365
OTU000036	4	0.37455
OTU000037	1	1.8784020000000001
OTU000038	4	0.333566
OTU000039	4	0.317554
OTU000040	1	0.03779
OTU000041	1	0.389327
OTU000042	4	0.464142
OTU000043	1	0.144182
OTU000044	4	0.29039
OTU000045	1	0.336838
OTU000046	2	0.092862
OTU000047	4	0.064188
OTU000048	1	0.144501
OTU000049	7	0.033208999999999995
OTU000050	1	0.163323
OTU000051	4	0.536796
OTU000052	4	0.346258
OTU000053	1	0.730398
OTU000054	1	0.160806
OTU000055	1	0.234041
OTU000056	5	0.031533
OTU000057	1	0.181703
OTU000058	1	0.11883900000000001
OTU000059	1	0.163323
OTU000060	3	0.21911399999999998
OTU000061	1	0.21116300000000002
OTU000062	1	0.153832
OTU000063	4	0.45042299999999996
OTU000064	1	0.23994200000000002
OTU000065	1	0.8883489999999999
OTU000066	1	0.023195
OTU000067	2	0.669343
OTU000068	4	0.951837
OTU000069	1	0.055726
OTU000070	2	0.126721
OTU000071	4	0.382205
OTU000072	1	0.08580700000000001
OTU000073	1	0.376725
OTU000074	1	0.13159300000000002
OTU000075	4	0.075518
OTU000076	1	0.031733
OTU000077	1	0.744282
OTU000078	2	0.077097
OTU000079	3	0.030749000000000002
OTU000080	1	0.267549
OTU000081	1	0.6885859999999999
OTU000082	1	0.54437
OTU000083	4	0.19103900000000001
OTU000084	1	0.030463999999999998
OTU000085	4	0.400692
OTU000086	1	0.158332
OTU000087	4	0.278035
OTU000088	1	0.818349
OTU000089	1	0.14085599999999998
OTU000090	1	0.21180500000000002
OTU000091	1	0.129127
OTU000092	4	0.303675
OTU000093	1	0.17968800000000001
OTU000094	14	0.026468000000000002
OTU000095	4	0.524654
OTU000096	1	0.2538
OTU000097	4	0.348914
OTU000098	4	0.312663
OTU000099	4	0.441698
OTU000100	1	0.43209200000000003
OTU000101	1	0.154919
OTU000102	1	0.20656
OTU000103	1	0.7868109999999999
OTU000104	1	0.644235
OTU000105	1	0.181636
OTU000106	1	0.039424
OTU000107	4	0.549078
OTU000108	1	0.159681
OTU000109	1	0.061597000000000006
OTU000110	1	0.12673900000000002
OTU000111	1	0.23324699999999998
OTU000112	1	0.031334
OTU000113	3	0.362914
OTU000114	2	0.06166699999999999
OTU000115	1	0.12526900000000002
OTU000116	1	0.692497
OTU000117	1	0.041399
OTU000118	1	0.047254000000000004
OTU000119	4	0.5984229999999999
OTU000120	1	0.032643
OTU000121	1	0.247175
OTU000122	1	0.07473300000000001
OTU000123	1	0.031938999999999995
OTU000124	1	0.455421
OTU000125	2	0.545359
OTU000126	5	0.044843
OTU000127	1	0.1088
OTU000128	1	0.026693
OTU000129	1	0.023363
OTU000130	1	0.064199
OTU000131	4	0.43294499999999997
OTU000132	1	0.24828499999999998
OTU000133	1	0.10618399999999999
OTU000134	13	0.031337000000000004
OTU000135	1	0.15296700000000002
OTU000136	1	0.11551600000000001
OTU000137	1	0.131688
OTU000138	2	0.545766
OTU000139	1	0.056392
OTU000140	1	0.707752
OTU000141	2	0.392024
OTU000142	4	0.315195
OTU000143	6	0.196676
OTU000144	1	0.482789
OTU000145	2	0.228019
OTU000146	1	0.116534
OTU000147	1	0.031655
OTU000148	1	0.03249
OTU000149	1	0.14085599999999998
OTU000150	2	0.042862
OTU000151	1	0.292461
OTU000152	1	0.42113199999999995
OTU000153	1	0.194325
OTU000154	2	0.079894
OTU000155	1	0.737634
OTU000156	1	0.185905
OTU000157	1	0.073672
OTU000158	1	0.069796
OTU000159	4	0.41764399999999996
OTU000160	1	0.12278800000000001
OTU000161	2	0.023296
OTU000162	2	0.200942
OTU000163	1	0.047369
OTU000164	1	0.209866
OTU000165	1	0.149897
OTU000166	1	0.0234
OTU000167	4	0.46693900000000005
OTU000168	1	0.16465
OTU000169	3	0.127407
OTU000170	3	0.033201
OTU000171	3	0.057484
OTU000172	1	0.249673
OTU000173	4	0.549948
OTU000174	1	0.512972
OTU000175	4	0.26942
OTU000176	1	0.161651
OTU000177	1	0.701166
OTU000178	1	0.23301599999999997
OTU000179	4	0.36838200000000004
OTU000180	1	0.149338
OTU000181	4	0.455191
OTU000182	1	0.161357
OTU000183	1	0.156039
OTU000184	10	2.1231709999999997
OTU000185	1	0.21622800000000003
OTU000186	1	0.731256
OTU000187	1	0.066986
OTU000188	1	0.343475
OTU000189	1	1.061424
OTU000190	2	0.369073
OTU000191	1	0.363338
OTU000192	4	0.440134
OTU000193	1	0.743203
OTU000194	1	0.30146999999999996
OTU000195	1	0.179423
OTU000196	4	0.621398
OTU000197	1	0.209866
OTU000198	1	0.757541
OTU000199	1	0.390016
OTU000200	1	0.23922100000000002
OTU000201	2	0.611025
OTU000202	1	0.169048
OTU000203	1	0.325467
OTU000204	1	0.229094
OTU000205	1	0.195882
OTU000206	2	0.516836
OTU000207	1	0.804815
OTU000208	4	0.584849
OTU000209	4	0.428833
OTU000210	2	0.357583
OTU000211	1	0.843881
OTU000212	1	0.031325
OTU000213	1	0.284715
OTU000214	2	0.262474
OTU000215	2	0.541503
OTU000216	1	0.311919
OTU000217	1	0.186185
OTU000218	1	0.27908299999999997
OTU000219	1	0.304095
OTU000220	2	0.032243
OTU000221	4	0.136654
OTU000222	4	0.669129
OTU000223	1	0.24149299999999999
OTU000224	1	0.24149299999999999
OTU000225	1	0.8664229999999999
OTU000226	3	0.183367
OTU000227	1	0.182525
OTU000228	1	0.6683060000000001
OTU000229	1	0.23884899999999998
OTU000230	1	0.039448000000000004
OTU000231	1	0.33418200000000003
OTU000232	4	0.42936
OTU000233	1	0.21109499999999998
OTU000234	1	0.128773
OTU000235	1	0.133226
OTU000236	1	0.8609959999999999
OTU000237	1	0.062121
OTU000238	3	0.06865
OTU000239	1	0.479524
OTU000240	1	0.22086
OTU000241	1	0.324048
OTU000242	4	0.42769700000000005
OTU000243	1	0.021027
OTU000244	1	0.197241
OTU000245	1	0.193012
OTU000246	1	0.582055
OTU000247	1	0.81614
OTU000248	1	0.25200500000000003
OTU000249	1	0.143793
OTU000250	1	0.064613
OTU000251	1	0.14991400000000002
OTU000252	4	0.020885
OTU000253	1	0.167778
OTU000254	3	0.183367
OTU000255	1	0.15770499999999998
OTU000256	1	0.21035700000000002
OTU000257	1	0.099553
OTU000258	1	0.07646900000000001
OTU000259	1	0.20618000000000003
OTU000260	1	0.8264799999999999
OTU000261	1	0.257394
OTU000262	4	0.394426
OTU000263	1	0.671894
OTU000264	1	0.13367
OTU000265	1	0.062439
OTU000266	1	0.718819
OTU000267	4	0.46901899999999996
OTU000268	2	0.524279
OTU000269	2	0.340145
OTU000270	1	0.138505
OTU000271	1	0.411689
OTU000272	1	0.163323
OTU000273	1	0.115701
OTU000274	1	0.6801520000000001
OTU000275	1	0.138631
OTU000276	2	0.199134
OTU000277	1	0.038364999999999996
OTU000278	1	0.315198
OTU000279	1	1.190474
OTU000280	1	0.220788
OTU000281	1	0.171934
OTU000282	4	0.42025200000000007
OTU000283	1	0.7308640000000001
OTU000284	2	0.82649
OTU000285	1	0.854261
OTU000286	1	0.250444
OTU000287	2	0.575867
OTU000288	1	0.7259680000000001
OTU000289	1	0.208326
OTU000290	1	0.063067
OTU000291	1	0.209866
OTU000292	1	0.309019
OTU000293	1	0.700928
OTU000294	2	0.524026
OTU000295	1	0.094943
OTU000296	1	0.169069
OTU000297	1	0.267822
OTU000298	3	0.012943000000000001
OTU000299	1	0.181646
OTU000300	1	0.023672
OTU000301	1	0.212019
OTU000302	1	0.721472
OTU000303	1	0.202426
OTU000304	1	0.238496
OTU000305	1	0.15498800000000001
OTU000306	1	0.056591999999999996
OTU000307	1	0.175172
OTU000308	1	0.378579
OTU000309	4	0.40724899999999997
OTU000310	1	0.167778
OTU000311	1	0.961282
OTU000312	1	0.14085599999999998
OTU000313	1	0.235037
OTU000314	6	0.033229
OTU000315	1	0.12076500000000001
OTU000316	1	0.031566000000000004
OTU000317	1	0.038852
OTU000318	1	0.776827
OTU000319	1	0.7460220000000001
OTU000320	1	0.45396499999999995
OTU000321	2	0.241869
OTU000322	1	0.893809
OTU000323	1	0.29273699999999997
OTU000324	1	0.360554
OTU000325	1	1.0272299999999999
OTU000326	4	0.41773599999999994
OTU000327	1	0.18229700000000001
OTU000328	1	0.023315
OTU000329	1	0.136214
OTU000330	3	0.034551
OTU000331	1	0.24005
OTU000332	1	0.962548
OTU000333	2	0.25895300000000004
OTU000334	1	0.182767
OTU000335	1	0.553581
OTU000336	1	0.10936199999999999
OTU000337	1	0.030737
OTU000338	1	0.324523
OTU000339	1	0.171934
OTU000340	1	0.059212
OTU000341	4	0.26639
OTU000342	3	0.13281800000000002
OTU000343	1	0.253826
OTU000344	1	0.316492
OTU000345	4	0.576926
OTU000346	1	0.37839
OTU000347	1	0.687769
OTU000348	4	0.738825
OTU000349	2	0.538682
OTU000350	4	0.273735
OTU000351	3	0.183367
OTU000352	1	0.6251899999999999
OTU000353	1	0.149781
OTU000354	1	0.261757
OTU000355	1	0.66876
OTU000356	1	0.031137
OTU000357	4	0.469077
OTU000358	1	0.642749
OTU000359	4	0.323314
OTU000360	1	0.113462
OTU000361	1	0.39719899999999997
OTU000362	4	0.276283
OTU000363	1	0.14518699999999998
OTU000364	1	0.784744
OTU000365	4	0.5257850000000001
OTU000366	1	0.817918
OTU000367	1	0.026592
OTU000368	1	0.169241
OTU000369	1	0.06286599999999999
OTU000370	4	0.26849
OTU000371	1	0.361628
OTU000372	1	0.756671
OTU000373	4	0.28074299999999996
OTU000374	1	0.17866600000000002
OTU000375	4	0.463075
OTU000376	4	0.329058
OTU000377	4	0.316157
OTU000378	4	0.021480000000000003
OTU000379	4	0.350653
OTU000380	1	0.378836
OTU000381	1	0.049576999999999996
OTU000382	4	0.613679
OTU000383	1	0.800782
OTU000384	6	0.027486
OTU000385	1	0.085825
OTU000386	3	0.221164
OTU000387	2	0.9159120000000001
OTU000388	1	0.7651140000000001
OTU000389	2	0.023118
OTU000390	4	0.8610899999999999
OTU000391	1	0.107226
OTU000392	1	0.188895
OTU000393	2	0.874609
OTU000394	1	0.06511
OTU000395	2	0.29467899999999997
OTU000396	1	0.840251
OTU000397	1	0.783592
OTU000398	1	0.077271
OTU000399	1	0.171517
OTU000400	1	0.74345
OTU000401	4	0.5552560000000001
OTU000402	1	0.397937
OTU000403	1	0.7740630000000001
OTU000404	1	0.047855
OTU000405	1	0.055488
OTU000406	1	0.039238999999999996
OTU000407	1	0.868812
OTU000408	2	0.031337000000000004
OTU000409	4	0.388529
OTU000410	1	0.399431
OTU000411	1	0.405179
OTU000412	1	0.299066
OTU000413	1	0.111277
OTU000414	4	0.027745999999999996
OTU000415	1	0.547967
OTU000416	1	0.6392359999999999
OTU000417	1	0.803836
OTU000418	1	0.504121
OTU000419	1	0.307519
OTU000420	4	0.6163850000000001
OTU000421	1	0.279983
OTU000422	2	0.259766
OTU000423	5	0.056614
OTU000424	1	0.9392510000000001
OTU000425	1	0.703956
OTU000426	2	0.186893
OTU000427	8	0.067774
OTU000428	4	0.5300050000000001
OTU000429	1	0.274482
OTU000430	1	0.237064
OTU000431	1	0.7283
OTU000432	1	0.057103999999999995
OTU000433	1	0.176536
OTU000434	4	0.36389299999999997
OTU000435	4	0.388795
OTU000436	4	0.30098
OTU000437	1	1.9839950000000002
OTU000438	4	0.363294
OTU000439	1	0.280393
OTU000440	2	0.287957
OTU000441	4	0.6770609999999999
OTU000442	4	0.45198299999999997
OTU000443	1	0.346366
OTU000444	1	0.429516
OTU000445	1	0.11060999999999999
OTU000446	1	0.181757
OTU000447	1	0.257334
OTU000448	1	0.254474
OTU000449	1	1.029608
OTU000450	3	0.145858
OTU000451	4	0.604769
OTU000452	1	0.945305
OTU000453	1	1.108999
OTU000454	1	1.004537
OTU000455	1	0.038426999999999996
OTU000456	1	0.426015
OTU000457	2	0.264861
OTU000458	4	0.575067
OTU000459	1	1.109055
OTU000460	2	0.146491
OTU000461	1	0.09825
OTU000462	1	0.346562
OTU000463	1	0.20656
OTU000464	1	0.147259
OTU000465	1	0.046934
OTU000466	3	0.242319
OTU000467	1	0.900669
OTU000468	6	0.03331
OTU000469	1	0.644133
OTU000470	1	0.055745
OTU000471	1	0.22216799999999998
OTU000472	4	0.37113
OTU000473	1	0.797504
OTU000474	2	0.253328
OTU000475	4	0.031277
OTU000476	1	0.274447
OTU000477	4	0.452913
OTU000478	1	0.335764
OTU000479	1	1.150967
OTU000480	4	0.49096000000000006
OTU000481	2	0.8200860000000001
OTU000482	1	1.138274
OTU000483	4	0.365703
OTU000484	6	1.241544
OTU000485	2	0.195152
OTU000486	2	0.023417
OTU000487	1	0.047849
OTU000488	1	0.196847
OTU000489	1	0.023211000000000002
OTU000490	1	0.531943
OTU000491	1	0.1106
OTU000492	2	0.051620000000000006
OTU000493	6	1.139828
OTU000494	1	1.34263
OTU000495	4	0.7407159999999999
OTU000496	1	0.12452
OTU000497	1	0.270052
OTU000498	2	0.08996799999999999
OTU000499	4	0.462847
OTU000500	6	0.056688999999999996
OTU000501	2	0.102654
OTU000502	4	0.6172380000000001
OTU000503	1	0.156896
OTU000504	1	0.255893
OTU000505	1	0.165047
OTU000506	1	0.343223
OTU000507	1	0.153356
OTU000508	1	0.7553529999999999
OTU000509	1	0.221214
OTU000510	1	0.37596599999999997
OTU000511	1	0.28758
OTU000512	1	0.308744
OTU000513	1	0.206141
OTU000514	1	0.373906
OTU000515	4	0.330279
OTU000516	1	0.218375
OTU000517	4	0.842144
OTU000518	1	0.239446
OTU000519	4	0.575155
OTU000520	1	0.675764
OTU000521	1	0.617237
OTU000522	1	0.154835
OTU000523	1	0.31493000000000004
OTU000524	2	0.040912000000000004
OTU000525	4	0.347376
OTU000526	4	0.363169
OTU000527	4	0.6075189999999999
OTU000528	2	0.10505999999999999
OTU000529	1	0.8786229999999999
OTU000530	1	1.0343870000000002
OTU000531	1	0.073514
OTU000532	1	1.08808
OTU000533	1	0.11675
OTU000534	1	0.039168
OTU000535	1	0.23437800000000003
OTU000536	1	0.320878
OTU000537	1	0.20545500000000003
OTU000538	1	0.063329
OTU000539	1	0.038775
OTU000540	1	0.250163
OTU000541	2	0.13226
OTU000542	1	0.5422680000000001
OTU000543	1	0.059526
OTU000544	1	0.14970899999999998
OTU000545	1	0.9543659999999999
OTU000546	1	0.7771640000000001
OTU000547	1	0.7465470000000001
OTU000548	1	0.11871500000000001
OTU000549	2	0.032966
OTU000550	1	0.039967
OTU000551	1	0.6808649999999999
OTU000552	4	0.025328
OTU000553	1	0.127379
OTU000554	1	0.266988
OTU000555	1	0.923934
OTU000556	6	0.120859
OTU000557	4	0.400519
OTU000558	4	0.226018
OTU000559	4	0.873649
OTU000560	1	0.26260300000000003
OTU000561	1	0.819943
OTU000562	2	0.8027890000000001
OTU000563	1	0.509532
OTU000564	1	1.004102
OTU000565	1	0.161159
OTU000566	4	0.333335
OTU000567	1	0.8587629999999999
OTU000568	1	0.200456
OTU000569	1	0.212642
OTU000570	2	0.105128
OTU000571	1	0.321983
OTU000572	1	0.236357
OTU000573	5	0.055467999999999996
OTU000574	1	0.05714400000000001
OTU000575	1	0.849844
OTU000576	1	0.311768
OTU000577	1	0.049118
OTU000578	4	0.6146520000000001
OTU000579	2	0.54602
OTU000580	4	1.025635
OTU000581	4	0.737121
OTU000582	1	0.015274000000000001
OTU000583	1	0.562776
OTU000584	1	1.058635
OTU000585	1	0.623261
OTU000586	1	0.241035
OTU000587	1	0.652425
OTU000588	4	0.5329699999999999
OTU000589	1	0.9619979999999999
OTU000590	1	0.496342
OTU000591	4	0.447165
OTU000592	4	0.284984
OTU000593	1	0.28130700000000003
OTU000594	4	0.023249000000000002
OTU000595	2	0.887441
OTU000596	1	0.039620999999999996
OTU000597	1	0.190709
OTU000598	1	0.819783
OTU000599	3	0.101575
OTU000600	1	0.24340900000000001
OTU000601	4	0.587958
OTU000602	1	0.24149299999999999
OTU000603	3	0.069776
OTU000604	1	0.38913000000000003
OTU000605	1	0.28573899999999997
OTU000606	1	0.32416
OTU000607	4	0.292598
OTU000608	4	0.558287
OTU000609	1	0.347939
OTU000610	4	0.543708
OTU000611	2	0.11556300000000001
OTU000612	4	0.824624
OTU000613	4	0.48327700000000007
OTU000614	1	0.859008
OTU000615	1	0.590228
OTU000616	2	0.71302
OTU000617	1	0.548162
OTU000618	1	0.24972600000000003
OTU000619	1	0.248088
OTU000620	1	1.114187
OTU000621	2	0.064259
OTU000622	1	0.363385
OTU000623	1	1.3201
OTU000624	1	0.531467
OTU000625	4	0.600344
OTU000626	4	0.772017
OTU000627	1	0.678237
OTU000628	1	0.115478
OTU000629	1	0.678171
OTU000630	1	0.015625999999999998
OTU000631	1	0.11980899999999998
OTU000632	1	0.575179
OTU000633	4	0.462869
OTU000634	4	0.9008799999999999
OTU000635	1	0.549445
OTU000636	1	0.331505
OTU000637	1	0.9090860000000001
OTU000638	1	0.726405
OTU000639	1	0.603305
OTU000640	1	0.867563
OTU000641	1	1.149318
OTU000642	4	0.379306
OTU000643	2	0.350108
OTU000644	1	0.29196500000000003
OTU000645	2	0.219027
OTU000646	1	0.8357040000000001
OTU000647	4	0.55833
OTU000648	1	0.275443
OTU000649	1	0.378963
OTU000650	1	0.039027
OTU000651	4	0.566761
OTU000652	1	0.687887
OTU000653	2	0.141237
OTU000654	3	0.277858
OTU000655	1	0.270375
OTU000656	1	0.144843
OTU000657	1	0.632091
OTU000658	2	0.909769
OTU000659	2	0.365198
OTU000660	1	0.310906
OTU000661	1	0.559044
OTU000662	3	0.183265
OTU000663	1	0.164882
OTU000664	1	0.069414
OTU000665	1	0.02356
OTU000666	1	1.8570970000000002
OTU000667	1	0.8533120000000001
OTU000668	1	1.235724
OTU000669	1	0.372031
OTU000670	1	0.032195999999999995
OTU000671	4	0.6175390000000001
OTU000672	1	0.9127200000000001
OTU000673	1	0.074807
OTU000674	4	0.201484
OTU000675	1	0.163323
OTU000676	1	0.428912
OTU000677	4	0.42798500000000006
OTU000678	1	0.559465
OTU000679	1	0.31106
OTU000680	1	0.742325
OTU000681	1	0.494588
OTU000682	2	0.25942800000000005
OTU000683	1	0.355744
OTU000684	1	0.845016
OTU000685	1	0.25648899999999997
OTU000686	4	0.938457
OTU000687	1	0.5374720000000001
OTU000688	4	0.451657
OTU000689	4	0.6041979999999999
OTU000690	1	0.223023
OTU000691	1	1.077598
OTU000692	1	0.282396
OTU000693	1	0.45673800000000003
OTU000694	2	0.35880700000000004
OTU000695	1	0.221387
OTU000696	3	0.127407
OTU000697	1	0.650008
OTU000698	4	0.66354
OTU000699	4	0.620686
OTU000700	2	0.41635600000000006
OTU000701	1	0.484678
OTU000702	4	0.372286
OTU000703	1	0.703448
OTU000704	3	0.044229000000000004
OTU000705	1	0.059058000000000006
OTU000706	1	0.84629
OTU000707	1	0.388943
OTU000708	1	0.44272799999999995
OTU000709	1	0.179396
OTU000710	4	0.376221
OTU000711	1	0.36354200000000003
OTU000712	1	0.149067
OTU000713	1	0.8980379999999999
OTU000714	1	0.315297
OTU000715	10	2.728125
OTU000716	1	0.047626999999999996
OTU000717	4	0.369725
OTU000718	1	0.17236500000000002
OTU000719	1	0.0733
OTU000720	1	0.278593
OTU000721	1	0.082826
OTU000722	1	0.8741959999999999
OTU000723	2	0.972301
OTU000724	1	0.11716900000000001
OTU000725	1	0.41498900000000005
OTU000726	1	0.24149299999999999
OTU000727	1	0.30472899999999997
OTU000728	1	0.314339
OTU000729	1	0.384101
OTU000730	1	0.074639
OTU000731	1	0.299672
OTU000732	4	0.461578
OTU000733	1	1.19896
OTU000734	1	0.26821100000000003
OTU000735	4	0.554334
OTU000736	1	1.1992690000000001
OTU000737	1	0.066109
OTU000738	1	0.8579040000000001
OTU000739	1	0.408692
OTU000740	1	0.668141
OTU000741	6	0.05264099999999999
OTU000742	1	0.139194
OTU000743	4	0.554783
OTU000744	1	0.022837
OTU000745	1	0.888159
OTU000746	4	0.9177280000000001
OTU000747	6	0.089653
OTU000748	1	0.774287
OTU000749	1	1.490925
OTU000750	4	0.345022
OTU000751	1	0.48541599999999996
OTU000752	1	1.386511
OTU000753	1	0.471026
OTU000754	7	0.038575
OTU000755	2	0.25942800000000005
OTU000756	1	0.661026
OTU000757	1	0.200934
OTU000758	4	0.5956560000000001
OTU000759	1	0.4613
OTU000760	1	0.7275739999999999
OTU000761	3	0.031418
OTU000762	6	0.514369
OTU000763	1	0.317443
OTU000764	1	0.88812
OTU000765	1	0.064532
OTU000766	1	0.9275899999999999
OTU000767	1	0.492096
OTU000768	1	0.067495
OTU000769	1	0.269341
OTU000770	1	0.49477299999999996
OTU000771	1	0.6080840000000001
OTU000772	1	0.015352000000000001
OTU000773	1	0.357545
OTU000774	1	0.145156
OTU000775	4	0.648363
OTU000776	4	0.9179700000000001
OTU000777	1	0.109253
OTU000778	4	0.6136560000000001
OTU000779	1	1.2494299999999998
OTU000780	1	0.05639400000000001
OTU000781	4	0.44898699999999997
OTU000782	4	0.9502209999999999
OTU000783	1	0.038714
OTU000784	1	1.179346
OTU000785	1	0.624178
OTU000786	1	0.507829
OTU000787	1	0.736032
OTU000788	2	0.505984
OTU000789	1	1.30075
OTU000790	1	0.12455799999999999
OTU000791	3	0.064479
OTU000792	1	0.21476599999999998
OTU000793	1	0.64446
OTU000794	2	0.31169600000000003
OTU000795	1	0.199346
OTU000796	2	0.529754
OTU000797	1	0.351536
OTU000798	1	0.745325
OTU000799	4	0.71943
OTU000800	1	1.440016
OTU000801	1	0.120102
OTU000802	1	0.7418819999999999
OTU000803	1	0.065345
OTU000804	1	0.515101
OTU000805	1	0.377343
OTU000806	4	0.943051
OTU000807	4	0.757283
OTU000808	1	0.516559
OTU000809	4	0.06204
OTU000810	1	0.693511
OTU000811	1	0.830225
OTU000812	1	0.637158
OTU000813	1	0.092955
OTU000814	2	0.130793
OTU000815	1	0.319195
OTU000816	1	0.118585
OTU000817	1	0.38171700000000003
OTU000818	4	0.567291
OTU000819	1	1.645327
OTU000820	1	0.561949
OTU000821	1	0.431149
OTU000822	1	0.957728
OTU000823	1	0.221387
OTU000824	1	0.798176
OTU000825	1	0.305728
OTU000826	3	0.189171
OTU000827	1	1.6169719999999999
OTU000828	1	0.39255100000000004
OTU000829	1	0.648303
OTU000830	4	0.7087439999999999
OTU000831	1	0.121315
OTU000832	1	0.30701300000000004
OTU000833	1	0.319633
OTU000834	4	0.92455
OTU000835	2	0.430213
OTU000836	2	0.50185
OTU000837	1	0.767308
OTU000838	1	0.542204
OTU000839	4	0.738787
OTU000840	1	0.033597
OTU000841	1	0.529908
OTU000842	1	0.054581
OTU000843	4	0.407161
OTU000844	1	1.113324
OTU000845	1	0.670041
OTU000846	2	0.066871
OTU000847	3	0.057901999999999995
OTU000848	1	0.842103
OTU000849	1	1.385206
OTU000850	1	0.8965860000000001
OTU000851	4	0.8711559999999999
OTU000852	1	0.169209
OTU000853	3	0.030441000000000003
OTU000854	1	0.564029
OTU000855	1	0.916537
OTU000856	1	0.425583
OTU000857	1	0.133078
OTU000858	1	0.43470200000000003
OTU000859	1	0.37290500000000004
OTU000860	2	0.901057
OTU000861	1	0.885258
OTU000862	1	0.031623000000000005
OTU000863	2	0.9425530000000001
OTU000864	1	0.93448
OTU000865	2	0.807463
OTU000866	4	0.656546
OTU000867	1	0.279316
OTU000868	1	0.032295
OTU000869	1	0.656414
OTU000870	1	0.20656
OTU000871	2	0.079307
OTU000872	1	0.075886
OTU000873	4	0.34257600000000005
OTU000874	2	0.310313
OTU000875	6	0.055529999999999996
OTU000876	1	0.672146
OTU000877	1	0.086594
OTU000878	4	0.718435
OTU000879	1	1.536714
OTU000880	1	0.427756
OTU000881	1	0.171308
OTU000882	1	0.072657
OTU000883	2	0.219027
OTU000884	1	0.876122
OTU000885	1	0.183166
OTU000886	1	0.285258
OTU000887	4	0.042776
OTU000888	4	0.505444
OTU000889	1	0.640931
OTU000890	4	0.486389
OTU000891	1	0.632468
OTU000892	4	0.045362
OTU000893	1	0.443341
OTU000894	1	1.4482270000000002
OTU000895	1	0.36567
OTU000896	2	0.5046510000000001
OTU000897	1	0.548913
OTU000898	1	0.389843
OTU000899	4	0.685146
OTU000900	1	1.4022139999999998
OTU000901	1	0.126564
OTU000902	2	0.3687
OTU000903	1	0.133166
OTU000904	4	0.828392
OTU000905	1	0.079327
OTU000906	1	0.5681039999999999
OTU000907	8	0.35880700000000004
OTU000908	1	0.728007
OTU000909	4	0.461895
OTU000910	1	0.5703010000000001
OTU000911	1	0.10353299999999999
OTU000912	1	1.182828
OTU000913	4	0.607773
OTU000914	1	0.18229700000000001
OTU000915	2	0.192917
OTU000916	1	1.0029700000000001
OTU000917	4	0.47628100000000007
OTU000918	1	0.998669
OTU000919	1	0.21998600000000001
OTU000920	1	1.79584
OTU000921	6	1.044542
OTU000922	1	0.18601700000000002
OTU000923	2	0.096288
OTU000924	1	0.044759
OTU000925	4	0.49218999999999996
OTU000926	1	0.417246
OTU000927	1	1.799907
OTU000928	2	0.669788
OTU000929	4	0.214128
OTU000930	4	0.672874
OTU000931	1	0.471967
OTU000932	1	0.5015970000000001
OTU000933	1	0.208911
OTU000934	4	0.387741
OTU000935	4	0.9252030000000001
OTU000936	1	0.8255540000000001
OTU000937	1	0.825491
OTU000938	1	0.7544489999999999
OTU000939	1	0.42496300000000004
OTU000940	1	0.907422
OTU000941	1	0.6663319999999999
OTU000942	4	0.6454310000000001
OTU000943	2	1.095294
OTU000944	4	0.528756
OTU000945	1	0.751659
OTU000946	1	0.6096
OTU000947	4	0.651425
OTU000948	1	0.095821
OTU000949	4	0.548611
OTU000950	1	1.008518
OTU000951	1	0.07687999999999999
OTU000952	1	0.320284
OTU000953	1	0.06765299999999999
OTU000954	1	0.478971
OTU000955	4	0.637695
OTU000956	1	0.618491
OTU000957	1	0.28512
OTU000958	1	0.137158
OTU000959	1	0.328431
OTU000960	1	0.351323
OTU000961	4	0.31294099999999997
OTU000962	1	0.126585
OTU000963	1	0.0233
OTU000964	1	0.788818
OTU000965	1	0.321644
OTU000966	4	0.29483899999999996
OTU000967	1	0.8860309999999999
OTU000968	4	0.986456
OTU000969	4	0.7061890000000001
OTU000970	4	0.779173
OTU000971	1	0.27269699999999997
OTU000972	1	0.7434569999999999
OTU000973	1	0.5429430000000001
OTU000974	1	1.295923
OTU000975	1	0.209866
OTU000976	1	0.073051
OTU000977	1	0.25648000000000004
OTU000978	4	0.7726609999999999
OTU000979	1	1.330285
OTU000980	1	0.10453499999999999
OTU000981	4	0.371981
OTU000982	4	0.689995
OTU000983	4	0.8044560000000001
OTU000984	1	0.55373
OTU000985	1	0.565008
OTU000986	1	0.632117
OTU000987	1	0.303238
OTU000988	1	0.22738200000000003
OTU000989	1	0.371193
OTU000990	1	0.34963
OTU000991	1	0.042135
OTU000992	5	0.21111999999999997
OTU000993	4	0.715607
OTU000994	1	0.650456
OTU000995	1	0.22471999999999998
OTU000996	1	0.35284499999999996
OTU000997	1	0.8174319999999999
OTU000998	1	0.20256400000000002
OTU000999	1	0.6551130000000001
OTU001000	2	0.920373
OTU001001	1	0.631777
OTU001002	1	0.282663
OTU001003	1	1.1363159999999999
OTU001004	2	0.101005
OTU001005	1	0.739147
OTU001006	1	0.365104
OTU001007	1	2.591257
OTU001008	1	0.125749
OTU001009	7	0.461847
OTU001010	1	0.760668
OTU001011	1	0.11283299999999999
OTU001012	4	0.5033810000000001
OTU001013	1	0.17268699999999998
OTU001014	1	1.402954
OTU001015	1	0.170079
OTU001016	1	0.19980699999999998
OTU001017	1	0.559345
OTU001018	1	0.5292319999999999
OTU001019	2	1.253036
OTU001020	4	0.8692770000000001
OTU001021	1	0.551208
OTU001022	1	0.522972
OTU001023	1	0.038363999999999995
OTU001024	1	0.16902999999999999
OTU001025	1	0.477946
OTU001026	1	0.335002
OTU001027	1	0.43273599999999995
OTU001028	1	0.975505
OTU001029	1	0.061079999999999995
OTU001030	1	0.5913229999999999
OTU001031	1	0.37663800000000003
OTU001032	1	0.108796
OTU001033	1	0.442554
OTU001034	1	0.047525
OTU001035	1	0.309181
OTU001036	1	0.597287
OTU001037	1	0.374693
OTU001038	2	0.351302
OTU001039	4	0.770899
OTU001040	2	0.311031
OTU001041	1	1.128592
OTU001042	1	1.651848
OTU001043	1	0.710862
OTU001044	4	0.43888
OTU001045	1	0.5022770000000001
OTU001046	1	0.9625969999999999
OTU001047	1	0.182588
OTU001048	1	0.8697010000000001
OTU001049	1	0.44688999999999995
OTU001050	1	0.559756
OTU001051	1	0.054652
OTU001052	1	0.325044
OTU001053	1	0.5391239999999999
OTU001054	1	1.068838
OTU001055	1	0.43799399999999994
OTU001056	1	0.297987
OTU001057	1	0.102172
OTU001058	1	0.085326
OTU001059	1	1.349178
OTU001060	1	0.83025
OTU001061	1	0.166433
OTU001062	1	0.521343
OTU001063	1	0.123485
OTU001064	1	1.208944
OTU001065	6	0.044993
OTU001066	2	0.302568
OTU001067	1	0.433091
OTU001068	1	0.911643
OTU001069	1	0.440299
OTU001070	1	0.71704
OTU001071	1	0.714593
OTU001072	1	1.095259
OTU001073	1	0.6773399999999999
OTU001074	4	0.46725500000000003
OTU001075	1	0.174676
OTU001076	1	0.733348
OTU001077	1	1.499867
OTU001078	2	0.832111
OTU001079	1	0.693925
OTU001080	1	0.088102
OTU001081	1	0.362086
OTU001082	1	0.212639
OTU001083	4	0.672667
OTU001084	1	0.612374
OTU001085	1	0.168045
OTU001086	4	0.9046219999999999
OTU001087	1	1.030908
OTU001088	1	0.246545
OTU001089	2	0.516309
OTU001090	1	0.308711
OTU001091	3	0.004503
OTU001092	1	0.751867
OTU001093	1	0.031333
OTU001094	2	0.8552649999999999
OTU001095	1	0.164489
OTU001096	3	0.368151
OTU001097	1	0.7559520000000001
OTU001098	1	1.035749
OTU001099	2	0.56592
OTU001100	4	0.367584
OTU001101	1	0.023763999999999997
OTU001102	1	0.22994099999999998
OTU001103	1	0.5807899999999999
OTU001104	1	0.8762459999999999
OTU001105	1	0.867785
OTU001106	1	0.550974
OTU001107	2	0.515092
OTU001108	1	0.393694
OTU001109	1	0.119348
OTU001110	1	0.817733
OTU001111	1	0.370729
OTU001112	4	0.52618
OTU001113	1	0.52895
OTU001114	1	0.430465
OTU001115	1	0.342174
OTU001116	1	0.18295
OTU001117	1	0.30472899999999997
OTU001118	1	1.355841
OTU001119	1	0.48514700000000005
OTU001120	4	0.8673069999999999
OTU001121	1	0.6545770000000001
OTU001122	1	0.22270700000000002
OTU001123	1	0.347125
OTU001124	2	0.527195
OTU001125	1	0.026912000000000002
OTU001126	2	0.770107
OTU001127	1	0.587846
OTU001128	1	0.868822
OTU001129	1	0.45355
OTU001130	4	0.288473
OTU001131	4	0.607751
OTU001132	1	0.537266
OTU001133	1	0.6752229999999999
OTU001134	1	0.2996
OTU001135	1	0.12928399999999998
OTU001136	1	0.277873
OTU001137	1	0.41672600000000004
OTU001138	1	1.145419
OTU001139	1	0.653058
OTU001140	1	0.676776
OTU001141	2	0.200812
OTU001142	1	0.101637
OTU001143	1	0.520333
OTU001144	1	0.268204
OTU001145	1	0.802035
OTU001146	1	0.17268699999999998
OTU001147	1	1.074883
OTU001148	1	0.658562
OTU001149	1	0.7320979999999999
OTU001150	1	0.608727
OTU001151	1	0.24149299999999999
OTU001152	1	0.9931200000000001
OTU001153	1	0.48208599999999996
OTU001154	4	0.769746
OTU001155	1	1.1201219999999998
OTU001156	1	0.305164
OTU001157	4	0.214128
OTU001158	4	0.462189
OTU001159	4	0.759734
OTU001160	2	0.154576
OTU001161	1	0.054037
OTU001162	4	0.6295430000000001
OTU001163	4	0.8223370000000001
OTU001164	1	0.458975
OTU001165	1	0.777558
OTU001166	1	0.23344
OTU001167	1	0.479921
OTU001168	1	0.46223000000000003
OTU001169	1	0.482249
OTU001170	4	0.853506
OTU001171	1	1.421467
OTU001172	1	0.331523
OTU001173	1	0.135212
OTU001174	1	2.074362
OTU001175	1	0.657647
OTU001176	4	0.599413
OTU001177	1	0.746562
OTU001178	1	0.43471099999999996
OTU001179	1	0.437411
OTU001180	1	0.175029
OTU001181	1	0.5688840000000001
OTU001182	4	0.683264
OTU001183	4	0.890908
OTU001184	4	1.052827
OTU001185	1	1.40346
OTU001186	1	0.227831
OTU001187	1	0.748482
OTU001188	1	1.523212
OTU001189	1	0.112345
OTU001190	1	0.356376
OTU001191	4	0.155743
OTU001192	1	0.7117
OTU001193	4	0.882093
OTU001194	1	1.3487850000000001
OTU001195	1	0.112756
OTU001196	1	0.19859300000000002
OTU001197	1	1.328143
OTU001198	4	0.497746
OTU001199	4	1.054078
OTU001200	1	0.839363
OTU001201	8	0.30145700000000003
OTU001202	1	0.405225
OTU001203	4	0.6029760000000001
OTU001204	1	0.427029
OTU001205	1	0.893809
OTU001206	1	0.571951
OTU001207	5	0.366798
OTU001208	1	0.6011479999999999
OTU001209	1	0.9924139999999999
OTU001210	5	0.440957
OTU001211	1	1.090982
OTU001212	1	1.0219850000000001
OTU001213	1	0.5602060000000001
OTU001214	1	1.209315
OTU001215	1	0.821734
OTU001216	2	0.360415
OTU001217	1	0.542547
OTU001218	1	0.51572
OTU001219	1	0.5443720000000001
OTU001220	1	0.605599
OTU001221	1	0.5335439999999999
OTU001222	1	1.607599
OTU001223	2	0.863733
OTU001224	8	0.178366
OTU001225	1	0.511618
OTU001226	1	0.054612
OTU001227	1	0.609396
OTU001228	1	1.075912
OTU001229	1	1.247819
OTU001230	1	1.380267
OTU001231	1	0.747394
OTU001232	1	1.309941
OTU001233	1	0.45478500000000005
OTU001234	4	0.626616
OTU001235	1	0.329549
OTU001236	1	0.468963
OTU001237	4	0.9275100000000001
OTU001238	1	0.461887
OTU001239	1	0.8338549999999999
OTU001240	3	0.7706930000000001
OTU001241	1	1.1945270000000001
OTU001242	2	1.5394450000000002
OTU001243	1	0.053111
OTU001244	2	0.091336
OTU001245	1	0.281141
OTU001246	1	1.7473459999999998
OTU001247	1	0.690702
OTU001248	4	0.42978
OTU001249	1	0.208308
OTU001250	4	0.615284
OTU001251	1	0.47185900000000003
OTU001252	4	0.8991129999999999
OTU001253	1	0.925692
OTU001254	1	0.365552
OTU001255	1	0.585765
OTU001256	1	1.185338
OTU001257	1	0.647397
OTU001258	1	0.615953
OTU001259	4	0.752417
OTU001260	4	0.371179
OTU001261	1	0.825542
OTU001262	1	0.339923
OTU001263	1	0.560897
OTU001264	1	0.7032
OTU001265	10	19.541007999999998
OTU001266	4	0.5749850000000001
OTU001267	4	0.05347999999999999
OTU001268	1	0.060764
OTU001269	7	0.033326999999999996
OTU001270	1	0.672276
OTU001271	1	0.42323999999999995
OTU001272	1	0.424629
OTU001273	1	0.819032
OTU001274	1	1.285908
OTU001275	1	0.5398470000000001
OTU001276	1	0.552284
OTU001277	1	0.7640359999999999
OTU001278	4	0.8492379999999999
OTU001279	6	0.9401079999999999
OTU001280	1	0.566803
OTU001281	1	1.021685
OTU001282	1	1.488003
OTU001283	4	0.6751189999999999
OTU001284	1	0.404483
OTU001285	1	1.120611
OTU001286	1	0.076055
OTU001287	1	1.386144
OTU001288	4	0.647192
OTU001289	4	0.770497
OTU001290	1	0.38448899999999997
OTU001291	2	0.696558
OTU001292	1	0.174853
OTU001293	1	0.561404
OTU001294	1	1.077834
OTU001295	2	0.9452459999999999
OTU001296	1	0.371502
OTU001297	1	0.799408
OTU001298	1	0.695142
OTU001299	1	0.174182
OTU001300	1	0.642487
OTU001301	4	0.8249790000000001
OTU001302	1	0.9534360000000001
OTU001303	1	1.114986
OTU001304	1	0.047385000000000004
OTU001305	2	0.744506
OTU001306	2	0.7865800000000001
OTU001307	1	0.086997
OTU001308	1	0.36546799999999996
OTU001309	4	0.793137
OTU001310	6	0.838933
OTU001311	1	0.512513
OTU001312	1	0.729128
OTU001313	1	0.981109
OTU001314	1	1.3990850000000001
OTU001315	4	0.854498
OTU001316	1	1.2546620000000002
OTU001317	1	0.799638
OTU001318	2	0.799878
OTU001319	4	0.7948890000000001
OTU001320	1	0.445338
OTU001321	1	0.8140069999999999
OTU001322	2	0.415551
OTU001323	1	0.186449
OTU001324	3	0.511727
OTU001325	1	0.254104
OTU001326	1	1.120487
OTU001327	1	0.857756
OTU001328	1	0.12075799999999999
OTU001329	4	0.424227
OTU001330	1	0.893301
OTU001331	2	0.21354
OTU001332	4	0.8955620000000001
OTU001333	1	1.241024
OTU001334	1	0.983074
OTU001335	1	0.16636099999999998
OTU001336	1	0.059061
OTU001337	1	1.422059
OTU001338	1	0.48887600000000003
OTU001339	1	1.264117
OTU001340	1	0.5255850000000001
OTU001341	1	0.6733180000000001
OTU001342	1	0.216207
OTU001343	1	0.518655
OTU001344	2	1.457881
OTU001345	1	0.893809
OTU001346	1	1.332791
OTU001347	2	1.557379
OTU001348	1	0.569915
OTU001349	1	1.297099
OTU001350	1	1.190854
OTU001351	1	0.092921
OTU001352	1	0.464197
OTU001353	1	0.5849260000000001
OTU001354	1	0.256871
OTU001355	2	0.677573
OTU001356	1	1.200699
OTU001357	1	0.979426
OTU001358	2	0.792455
OTU001359	1	1.294498
OTU001360	4	0.676376
OTU001361	1	0.305505
OTU001362	2	0.174734
OTU001363	3	0.930336
OTU001364	2	1.946843
OTU001365	1	0.758214
OTU001366	1	0.761246
OTU001367	1	0.387465
OTU001368	1	0.606911
OTU001369	1	1.446868
OTU001370	1	0.104493
OTU001371	2	1.310015
OTU001372	1	0.400435
OTU001373	2	1.345725
OTU001374	1	0.746877
OTU001375	1	0.244254
OTU001376	1	0.442985
OTU001377	1	1.208448
OTU001378	4	0.801207
OTU001379	4	0.961609
OTU001380	1	0.231238
OTU001381	4	0.315861
OTU001382	1	0.091736
OTU001383	4	0.347884
OTU001384	1	0.60034
OTU001385	1	1.15668
OTU001386	1	0.291498
OTU001387	1	0.7154149999999999
OTU001388	4	0.520613
OTU001389	1	0.44566400000000006
OTU001390	1	0.727524
OTU001391	1	0.27525900000000003
OTU001392	1	1.560043
OTU001393	2	0.463876
OTU001394	1	1.144285
OTU001395	4	0.345105
OTU001396	1	0.177015
OTU001397	1	1.72052
OTU001398	1	1.183295
OTU001399	1	1.1179370000000002
OTU001400	1	1.215064
OTU001401	1	1.06742
OTU001402	1	0.52913
OTU001403	1	0.219629
OTU001404	1	0.548592
OTU001405	1	0.193494
OTU001406	1	1.02029
OTU001407	1	1.05942
OTU001408	1	0.567188
OTU001409	1	0.123879
OTU001410	6	0.896216
OTU001411	1	0.844555
OTU001412	1	0.7661720000000001
OTU001413	2	1.093357
OTU001414	1	0.669748
OTU001415	1	1.017161
OTU001416	1	0.102274
OTU001417	2	0.23820100000000002
OTU001418	1	1.558376
OTU001419	1	0.265913
OTU001420	1	0.213817
OTU001421	1	2.2067240000000004
OTU001422	1	0.21364299999999997
OTU001423	1	0.6652600000000001
OTU001424	4	0.7041430000000001
OTU001425	1	0.281105
OTU001426	1	0.400035
OTU001427	2	0.133249
OTU001428	1	0.936443
OTU001429	1	0.408023
OTU001430	1	0.7817609999999999
OTU001431	1	2.014622
OTU001432	1	1.187975
OTU001433	1	0.726262
OTU001434	1	0.21335900000000002
OTU001435	1	0.8768100000000001
OTU001436	1	1.1054950000000001
OTU001437	2	0.689563
OTU001438	1	1.7347709999999998
OTU001439	1	0.41856400000000005
OTU001440	2	0.17019700000000001
OTU001441	1	0.906011
OTU001442	4	0.538075
OTU001443	1	0.6269779999999999
OTU001444	1	0.676484
OTU001445	4	0.919642
OTU001446	1	0.467315
OTU001447	2	0.376485
OTU001448	1	0.6017859999999999
OTU001449	1	0.475304
OTU001450	1	0.631452
OTU001451	1	1.496312
OTU001452	4	0.395431
OTU001453	2	1.4576040000000001
OTU001454	1	0.782434
OTU001455	4	0.14321199999999998
OTU001456	1	1.377409
OTU001457	1	1.5140719999999999
OTU001458	1	0.177264
OTU001459	1	0.575261
OTU001460	1	0.367686
OTU001461	1	0.632157
OTU001462	1	1.065583
OTU001463	4	0.30978
OTU001464	4	0.779647
OTU001465	1	0.436242
OTU001466	1	0.680686
OTU001467	4	0.482893
OTU001468	1	0.467391
OTU001469	1	1.267263
OTU001470	1	0.344831
OTU001471	1	0.902075
OTU001472	1	0.22124699999999997
OTU001473	1	0.672061
OTU001474	1	1.200919
OTU001475	1	0.826309
OTU001476	1	0.753678
OTU001477	4	0.859225
OTU001478	4	0.983933
OTU001479	4	0.676934
OTU001480	4	0.89238
OTU001481	1	0.565192
OTU001482	1	0.376105
OTU001483	1	1.100101
OTU001484	1	1.7855330000000003
OTU001485	4	0.40731300000000004
OTU001486	4	0.6461359999999999
OTU001487	2	1.4293770000000001
OTU001488	1	1.3098299999999998
OTU001489	2	0.497882
OTU001490	2	0.910723
OTU001491	2	1.044578
OTU001492	1	0.558653
OTU001493	1	0.18137899999999998
OTU001494	1	0.587497
OTU001495	1	1.1419700000000002
OTU001496	1	0.850951
OTU001497	1	1.345136
OTU001498	3	1.083641
OTU001499	1	0.324504
OTU001500	1	0.875561
OTU001501	1	0.570163
OTU001502	1	1.493749
OTU001503	1	0.12464700000000001
OTU001504	4	0.36838699999999996
OTU001505	4	0.97359
OTU001506	1	0.7064699999999999
OTU001507	1	0.9490700000000001
OTU001508	1	0.884244
OTU001509	1	0.686917
OTU001510	4	0.5385810000000001
OTU001511	1	1.129198
OTU001512	4	0.524587
OTU001513	4	0.628167
OTU001514	1	1.076545
OTU001515	1	1.0196690000000002
OTU001516	1	0.290122
OTU001517	1	0.80634
OTU001518	4	0.796646
OTU001519	2	1.037916
OTU001520	4	0.897812
OTU001521	1	0.9682430000000001
OTU001522	1	0.555787
OTU001523	2	1.322434
OTU001524	1	0.347238
OTU001525	4	0.551058
OTU001526	4	0.763584
OTU001527	4	1.236643
OTU001528	4	0.823498
OTU001529	2	0.505099
OTU001530	2	0.9079299999999999
OTU001531	1	1.282545
OTU001532	1	0.40807
OTU001533	1	0.217221
OTU001534	1	1.353705
OTU001535	2	0.7080989999999999
OTU001536	3	0.06865
OTU001537	1	0.58959
OTU001538	1	0.645303
OTU001539	1	0.713372
OTU001540	1	0.43824300000000005
OTU001541	4	0.67183
OTU001542	1	0.505259
OTU001543	10	5.176876999999999
OTU001544	1	0.39819099999999996
OTU001545	1	1.2562229999999999
OTU001546	1	1.053197
OTU001547	1	0.42676499999999995
OTU001548	1	0.76039
OTU001549	1	1.347121
OTU001550	1	1.103391
OTU001551	1	0.9264049999999999
OTU001552	1	0.250301
OTU001553	1	1.049567
OTU001554	1	0.395122
OTU001555	1	0.893809
OTU001556	1	0.893809
OTU001557	1	1.075552
OTU001558	10	2.427707
OTU001559	1	0.809331
OTU001560	1	0.8124279999999999
OTU001561	1	0.162212
OTU001562	1	0.63736
OTU001563	1	1.3062
OTU001564	1	0.6658729999999999
OTU001565	1	0.779547
OTU001566	1	0.537924
OTU001567	1	0.797904
OTU001568	2	0.13727999999999999
OTU001569	1	0.201469
OTU001570	1	0.578307
OTU001571	1	0.893809
OTU001572	1	0.908284
OTU001573	1	0.8065180000000001
OTU001574	2	0.282186
OTU001575	2	0.862065
OTU001576	1	0.788528
OTU001577	4	0.7378520000000001
OTU001578	1	0.493482
OTU001579	1	0.8766520000000001
OTU001580	1	0.391413
OTU001581	4	1.11049
OTU001582	1	0.8329469999999999
OTU001583	1	0.421196
OTU001584	1	0.35941
OTU001585	2	0.9477450000000001
OTU001586	1	0.544686
OTU001587	1	1.212648
OTU001588	1	1.413092
OTU001589	1	0.28383
OTU001590	1	0.612901
OTU001591	1	0.380859
OTU001592	1	1.4017549999999999
OTU001593	1	1.189172
OTU001594	3	0.577298
OTU001595	1	0.5191
OTU001596	4	0.379504
OTU001597	1	0.586939
OTU001598	1	1.112484
OTU001599	1	0.619595
OTU001600	2	1.093143
OTU001601	1	0.739337
OTU001602	1	0.684211
OTU001603	1	0.580064
OTU001604	1	0.915954
OTU001605	1	1.061921
OTU001606	1	0.428226
OTU001607	1	0.600905
OTU001608	4	0.57034
OTU001609	1	0.7513810000000001
OTU001610	1	0.53466
OTU001611	1	0.27172399999999997
OTU001612	1	0.366818
OTU001613	2	0.629927
OTU001614	1	0.27869
OTU001615	1	0.9343469999999999
OTU001616	1	0.591327
OTU001617	1	1.346411
OTU001618	4	0.730504
OTU001619	1	0.83037
OTU001620	1	0.6643180000000001
OTU001621	1	0.44414799999999993
OTU001622	2	1.573849
OTU001623	1	0.5103310000000001
OTU001624	1	0.8662620000000001
OTU001625	1	0.661576
OTU001626	1	0.382452
OTU001627	1	1.3913719999999998
OTU001628	1	0.264071
OTU001629	1	0.960965
OTU001630	1	0.85009
OTU001631	2	1.3518430000000001
OTU001632	1	0.698348
OTU001633	1	0.784701
OTU001634	1	0.12328
OTU001635	1	0.9566549999999999
OTU001636	1	1.22787
OTU001637	1	0.672663
OTU001638	1	0.716086
OTU001639	1	0.6142850000000001
OTU001640	1	0.553315
OTU001641	3	0.031494
OTU001642	1	1.3576549999999998
OTU001643	2	1.51994
OTU001644	1	0.056826999999999996
OTU001645	1	0.8854799999999999
OTU001646	1	0.61234
OTU001647	1	0.352526
OTU001648	1	0.537523
OTU001649	1	1.357855
OTU001650	1	0.479141
OTU001651	1	0.45808000000000004
OTU001652	1	0.536378
OTU001653	1	0.5329510000000001
OTU001654	1	0.7399319999999999
OTU001655	2	0.817304
OTU001656	1	0.359693
OTU001657	1	0.400163
OTU001658	4	0.458527
OTU001659	4	0.6464880000000001
OTU001660	1	0.612845
OTU001661	2	0.254714
OTU001662	1	0.6043109999999999
OTU001663	1	0.882232
OTU001664	1	0.42622299999999996
OTU001665	1	0.521676
OTU001666	4	0.73121
OTU001667	1	0.382326
OTU001668	1	0.467963
OTU001669	7	0.44647700000000007
OTU001670	1	0.521522
OTU001671	1	0.6723279999999999
OTU001672	1	1.055868
OTU001673	1	0.607997
OTU001674	4	0.596514
OTU001675	1	0.155177
OTU001676	1	0.62093
OTU001677	2	1.5190190000000001
OTU001678	1	1.46977
OTU001679	1	0.838368
OTU001680	1	0.7116
OTU001681	1	0.7366699999999999
OTU001682	2	0.357104
OTU001683	1	1.27045
OTU001684	2	0.945208
OTU001685	4	0.521037
OTU001686	1	1.162574
OTU001687	4	0.65786
OTU001688	1	0.35504600000000003
OTU001689	1	0.675863
OTU001690	1	0.765555
OTU001691	1	0.487734
OTU001692	1	0.893809
OTU001693	1	0.209875
OTU001694	2	1.377145
OTU001695	1	1.276949
OTU001696	1	0.8897010000000001
OTU001697	1	0.742294
OTU001698	1	0.6314390000000001
OTU001699	1	1.1400430000000001
OTU001700	1	0.44688100000000003
OTU001701	1	1.147258
OTU001702	1	0.6453300000000001
OTU001703	4	0.9506180000000001
OTU001704	1	0.329554
OTU001705	1	0.270082
OTU001706	1	1.2308709999999998
OTU001707	2	0.233486
OTU001708	3	0.43284399999999995
OTU001709	1	0.477685
OTU001710	1	1.404731
OTU001711	4	0.501371
OTU001712	1	1.175481
OTU001713	3	0.30275100000000005
OTU001714	1	0.9470629999999999
OTU001715	1	1.337967
OTU001716	2	0.090735
OTU001717	1	0.802968
OTU001718	1	0.717811
OTU001719	1	0.846858
OTU001720	4	0.609232
OTU001721	1	0.329789
OTU001722	1	0.46869799999999995
OTU001723	1	0.5760000000000001
OTU001724	1	0.388635
OTU001725	4	0.631523
OTU001726	1	1.19359
OTU001727	1	0.20656
OTU001728	1	0.8966299999999999
OTU001729	6	0.8015770000000001
OTU001730	1	0.953644
OTU001731	4	1.000766
OTU001732	1	1.165684
OTU001733	1	0.7353
OTU001734	1	0.5167470000000001
OTU001735	1	0.46336700000000003
OTU001736	1	0.76155
OTU001737	1	1.391746
OTU001738	1	0.687405
OTU001739	1	0.562864
OTU001740	1	0.761455
OTU001741	1	1.110121
OTU001742	1	0.422318
OTU001743	1	0.382175
OTU001744	2	0.8521860000000001
OTU001745	1	0.618522
OTU001746	2	0.480939
OTU001747	1	0.723766
OTU001748	1	0.52517
OTU001749	4	0.260847
OTU001750	1	0.347223
OTU001751	1	0.45261599999999996
OTU001752	1	0.9230299999999999
OTU001753	1	0.25774600000000003
OTU001754	6	1.10084
OTU001755	1	1.170185
OTU001756	1	1.163384
OTU001757	1	0.726237
OTU001758	1	0.377434
OTU001759	1	0.777159
OTU001760	1	0.503846
OTU001761	1	0.6073970000000001
OTU001762	1	1.0826
OTU001763	4	0.694846
OTU001764	3	0.68948
OTU001765	1	0.333813
OTU001766	2	1.0500129999999999
OTU001767	1	0.9692709999999999
OTU001768	1	1.0415889999999999
OTU001769	1	1.260182
OTU001770	1	0.299668
OTU001771	1	0.15905
OTU001772	1	0.834169
OTU001773	1	0.505418
OTU001774	1	0.08482
OTU001775	1	1.2409999999999999
OTU001776	4	0.487412
OTU001777	4	0.520073
OTU001778	1	1.351016
OTU001779	1	0.441222
OTU001780	1	0.843192
OTU001781	1	0.7607649999999999
OTU001782	1	0.353921
OTU001783	1	0.8429979999999999
OTU001784	1	0.571836
OTU001785	1	1.188056
OTU001786	1	0.954142
OTU001787	2	0.722617
OTU001788	1	0.456061
OTU001789	1	1.108842
OTU001790	1	1.1544809999999999
OTU001791	1	0.962082
OTU001792	1	0.9397549999999999
OTU001793	1	0.46091099999999996
OTU001794	1	0.516837
OTU001795	1	0.602061
OTU001796	1	0.27421799999999996
OTU001797	1	1.028434
OTU001798	1	0.91745
OTU001799	1	0.43742600000000004
OTU001800	1	0.6198130000000001
OTU001801	1	0.35828699999999997
OTU001802	1	0.86871
OTU001803	1	1.008361
OTU001804	1	0.9481790000000001
OTU001805	4	0.749763
OTU001806	4	0.701796
OTU001807	1	0.5315479999999999
OTU001808	1	0.610687
OTU001809	4	0.7120810000000001
OTU001810	1	0.211288
OTU001811	1	0.519651
OTU001812	1	1.277401
OTU001813	1	0.6031979999999999
OTU001814	1	0.8943629999999999
OTU001815	1	0.372213
OTU001816	1	1.4339899999999999
OTU001817	1	1.27281
OTU001818	1	0.32977199999999995
OTU001819	1	0.575279
OTU001820	1	0.754038
OTU001821	1	0.750289
OTU001822	4	0.237697
OTU001823	1	0.8011560000000001
OTU001824	4	0.655678
OTU001825	1	1.702302
OTU001826	1	0.871492
OTU001827	1	1.302378
OTU001828	4	0.773324
OTU001829	1	0.13410999999999998
OTU001830	1	0.566239
OTU001831	1	0.745699
OTU001832	4	0.9593860000000001
OTU001833	1	0.25301599999999996
OTU001834	2	1.578699
OTU001835	1	0.513138
OTU001836	1	1.350842
OTU001837	4	0.581916
OTU001838	1	0.402487
OTU001839	1	0.406219
OTU001840	1	0.296356
OTU001841	1	0.46756499999999995
OTU001842	1	0.868657
OTU001843	1	0.548841
OTU001844	1	1.100114
OTU001845	1	0.7102569999999999
OTU001846	1	1.068475
OTU001847	1	0.604362
OTU001848	1	0.788503
OTU001849	1	1.051968
OTU001850	1	1.056932
OTU001851	1	1.3153700000000002
OTU001852	4	0.765833
OTU001853	1	1.711122
OTU001854	1	0.20620700000000003
OTU001855	1	0.501333
OTU001856	1	0.710066
OTU001857	1	0.464426
OTU001858	1	0.860965
OTU001859	1	0.519878
OTU001860	4	0.642792
OTU001861	1	1.419275
OTU001862	1	0.672285
OTU001863	1	0.8637309999999999
OTU001864	1	0.814361
OTU001865	1	0.9895790000000001
OTU001866	1	0.5031939999999999
OTU001867	1	1.1003040000000002
OTU001868	1	0.5471630000000001
OTU001869	4	0.66188
OTU001870	1	1.1631719999999999
OTU001871	1	0.163108
OTU001872	1	0.243274
OTU001873	1	0.617768
OTU001874	1	1.156077
OTU001875	1	0.582619
OTU001876	4	0.550146
OTU001877	1	0.848067
OTU001878	1	1.006314
OTU001879	4	0.700874
OTU001880	1	0.46401499999999996
OTU001881	1	1.1642219999999999
OTU001882	1	0.23063899999999998
OTU001883	1	0.35588800000000004
OTU001884	1	1.601625
OTU001885	3	0.750687
OTU001886	1	0.560006
OTU001887	1	0.99879
OTU001888	4	0.728522
OTU001889	1	0.876978
OTU001890	1	0.48908599999999997
OTU001891	1	1.385786
OTU001892	1	1.482477
OTU001893	1	0.19914500000000002
OTU001894	6	0.755182
OTU001895	4	0.9098280000000001
OTU001896	1	0.48102799999999996
OTU001897	1	0.641466
OTU001898	1	0.245285
OTU001899	1	0.362141
OTU001900	1	0.364516
OTU001901	1	0.7436619999999999
OTU001902	1	0.592621
OTU001903	1	1.098615
OTU001904	1	1.190244
OTU001905	1	0.455798
OTU001906	4	0.738712
OTU001907	1	0.579982
OTU001908	1	1.268285
OTU001909	1	0.17977200000000002
OTU001910	1	0.465365
OTU001911	4	0.26054299999999997
OTU001912	4	0.70135
OTU001913	1	0.9195409999999999
OTU001914	1	0.803747
OTU001915	1	0.382641
OTU001916	1	0.7648510000000001
OTU001917	1	0.8826799999999999
OTU001918	1	0.748239
OTU001919	1	1.089796
OTU001920	1	0.41490299999999997
OTU001921	1	0.2419
OTU001922	1	1.405508
OTU001923	2	0.659327
OTU001924	4	1.0024899999999999
OTU001925	1	0.8778879999999999
OTU001926	1	0.400561
OTU001927	1	1.2753809999999999
OTU001928	2	1.7077419999999999
OTU001929	4	0.9251510000000001
OTU001930	1	1.3857190000000001
OTU001931	1	0.5334939999999999
OTU001932	1	1.035244
OTU001933	4	0.541133
OTU001934	1	0.782053
OTU001935	1	0.43221899999999996
OTU001936	1	1.1548100000000001
OTU001937	4	1.025254
OTU001938	1	0.6095470000000001
OTU001939	1	0.908783
OTU001940	1	0.289904
OTU001941	1	0.759231
OTU001942	2	1.077174
OTU001943	1	0.496791
OTU001944	1	1.317882
OTU001945	1	0.624671
OTU001946	3	0.551229
OTU001947	2	1.1543219999999998
OTU001948	1	1.424743
OTU001949	1	1.114611
OTU001950	2	0.768166
OTU001951	1	0.46767299999999995
OTU001952	1	0.3468
OTU001953	1	0.9364319999999999
OTU001954	2	0.612871
OTU001955	1	0.7846850000000001
OTU001956	4	0.7658689999999999
OTU001957	2	0.5727909999999999
OTU001958	1	0.8468459999999999
OTU001959	2	1.602739
OTU001960	1	1.3722729999999999
OTU001961	1	0.730759
OTU001962	1	0.8709049999999999
OTU001963	1	0.380685
OTU001964	1	1.6576380000000002
OTU001965	1	1.148079
OTU001966	1	0.548242
OTU001967	1	1.370201
OTU001968	1	0.4372
OTU001969	1	1.330243
OTU001970	1	1.813405
OTU001971	1	0.556864
OTU001972	1	0.23156300000000002
OTU001973	4	0.44678100000000004
OTU001974	1	0.44625
OTU001975	1	1.516816
OTU001976	1	0.021646000000000002
OTU001977	1	1.126417
OTU001978	1	0.135434
OTU001979	4	0.6834640000000001
OTU001980	1	1.065283
OTU001981	1	1.575934
OTU001982	1	0.558968
OTU001983	1	0.318895
OTU001984	4	0.7993560000000001
OTU001985	4	0.503961
OTU001986	2	0.86698
OTU001987	1	0.473788
OTU001988	2	1.5145870000000001
OTU001989	1	1.5209270000000001
OTU001990	1	1.4637639999999998
OTU001991	1	0.937531
OTU001992	2	0.07921
OTU001993	4	0.614373
OTU001994	2	1.594444
OTU001995	2	0.6289640000000001
OTU001996	2	1.397285
OTU001997	2	0.543601
OTU001998	4	0.79398
OTU001999	1	0.756709
OTU002000	1	0.302394
OTU002001	4	0.306174
OTU002002	2	1.030538
OTU002003	4	0.708214
OTU002004	1	0.368135
OTU002005	4	0.552545
OTU002006	1	0.718224
OTU002007	2	0.685377
OTU002008	4	0.699353
OTU002009	1	0.8828969999999999
OTU002010	1	0.449046
OTU002011	1	0.682277
OTU002012	1	1.435829
OTU002013	4	0.285644
OTU002014	1	0.540137
OTU002015	1	0.261757
OTU002016	1	0.701047
OTU002017	1	1.045963
OTU002018	1	0.68537
OTU002019	4	0.369879
OTU002020	1	0.9527329999999999
OTU002021	1	0.664007
OTU002022	2	1.374682
OTU002023	1	0.6249319999999999
OTU002024	4	0.386114
OTU002025	1	0.49838000000000005
OTU002026	1	0.621404
OTU002027	2	0.473938
OTU002028	1	0.9910329999999999
OTU002029	1	0.854159
OTU002030	1	0.652993
OTU002031	1	1.385182
OTU002032	1	0.888273
OTU002033	2	0.513721
OTU002034	6	0.322927
OTU002035	1	0.686333
OTU002036	4	0.56798
OTU002037	4	0.38293
OTU002038	1	1.2304329999999999
OTU002039	4	0.559902
OTU002040	1	0.769022
OTU002041	1	0.916927
OTU002042	4	0.8211129999999999
OTU002043	1	0.8040510000000001
OTU002044	1	0.412131
OTU002045	1	1.491617
OTU002046	1	1.248107
OTU002047	6	1.102977
OTU002048	1	1.0303870000000002
OTU002049	2	0.946592
OTU002050	1	0.797949
OTU002051	1	1.782859
OTU002052	1	0.545864
OTU002053	2	0.896984
OTU002054	1	0.458099
OTU002055	1	1.377173
OTU002056	1	0.533097
OTU002057	1	1.7793720000000002
OTU002058	1	0.419724
OTU002059	1	0.468604
OTU002060	4	0.08387
OTU002061	2	0.474575
OTU002062	1	0.26563400000000004
OTU002063	1	1.100386
OTU002064	1	1.050093
OTU002065	1	0.781692
OTU002066	1	0.7208979999999999
OTU002067	4	0.8500110000000001
OTU002068	1	0.37091599999999997
OTU002069	1	1.308182
OTU002070	1	0.913523
OTU002071	1	0.664913
OTU002072	1	0.7826390000000001
OTU002073	1	1.949238
OTU002074	1	0.43455900000000003
OTU002075	1	1.211841
OTU002076	1	1.1306120000000002
OTU002077	1	1.1200510000000001
OTU002078	1	0.7300260000000001
OTU002079	1	0.159581
OTU002080	1	1.172396
OTU002081	1	1.198256
OTU002082	1	0.813547
OTU002083	1	0.390654
OTU002084	1	0.661245
OTU002085	2	1.637016
OTU002086	1	1.2074790000000002
OTU002087	6	1.192359
OTU002088	1	0.549098
OTU002089	1	0.279983
OTU002090	1	0.31954299999999997
OTU002091	1	0.335046
OTU002092	1	1.0982049999999999
OTU002093	1	0.478685
OTU002094	1	0.961144
OTU002095	1	0.8183729999999999
OTU002096	1	0.986563
OTU002097	4	0.791388
OTU002098	1	1.312805
OTU002099	4	0.49271000000000004
OTU002100	1	0.570666
OTU002101	1	1.065994
OTU002102	1	0.714942
OTU002103	1	0.398086
OTU002104	1	0.779343
OTU002105	1	1.231816
OTU002106	1	0.41713100000000003
OTU002107	4	0.6737810000000001
OTU002108	1	0.789974
OTU002109	4	0.8788870000000001
OTU002110	2	1.783045
OTU002111	1	0.765131
OTU002112	2	1.655303
OTU002113	1	0.308342
OTU002114	1	0.846967
OTU002115	1	0.838549
OTU002116	1	0.366228
OTU002117	4	0.46780200000000005
OTU002118	4	0.6533479999999999
OTU002119	4	0.631438
OTU002120	1	1.65274
OTU002121	1	0.886761
OTU002122	1	0.749264
OTU002123	6	0.8875850000000001
OTU002124	1	0.8952040000000001
OTU002125	4	0.9319870000000001
OTU002126	1	0.322883
OTU002127	1	0.49242700000000006
OTU002128	1	0.434783
OTU002129	2	1.1317270000000001
OTU002130	4	0.605779
OTU002131	1	0.6393810000000001
OTU002132	1	1.100649
OTU002133	1	0.209866
OTU002134	1	0.78333
OTU002135	1	0.802878
OTU002136	1	1.196742
OTU002137	1	0.48706099999999997
OTU002138	4	0.731409
OTU002139	1	0.623495
OTU002140	1	0.9574790000000001
OTU002141	1	0.570704
OTU002142	1	0.9337479999999999
OTU002143	1	0.7174729999999999
OTU002144	1	0.5214449999999999
OTU002145	1	0.21595300000000003
OTU002146	3	0.526623
OTU002147	1	0.35088
OTU002148	2	1.068773
OTU002149	1	0.747202
OTU002150	2	0.116975
OTU002151	4	0.783986
OTU002152	1	0.38402600000000003
OTU002153	1	0.309596
OTU002154	1	0.604859
OTU002155	1	0.290252
OTU002156	1	0.6803
OTU002157	1	0.818293
OTU002158	1	0.859295
OTU002159	1	1.2493100000000001
OTU002160	1	1.265698
OTU002161	1	0.492361
OTU002162	1	0.942752
OTU002163	1	0.658656
OTU002164	1	0.41047700000000004
OTU002165	1	0.643097
OTU002166	4	0.726434
OTU002167	1	1.0759290000000001
OTU002168	1	1.3626040000000001
OTU002169	2	0.637604
OTU002170	1	1.077656
OTU002171	1	0.389153
OTU002172	1	1.015988
OTU002173	1	0.303316
OTU002174	2	0.632228
OTU002175	2	0.223019
OTU002176	4	0.597416
OTU002177	4	0.7191310000000001
OTU002178	4	0.504984
OTU002179	4	0.469649
OTU002180	1	1.104006
OTU002181	1	0.567179
OTU002182	1	0.21490700000000001
OTU002183	1	1.390133
OTU002184	1	1.0541280000000002
OTU002185	1	1.449749
OTU002186	1	0.619645
OTU002187	1	0.854225
OTU002188	2	0.7075560000000001
OTU002189	1	0.718006
OTU002190	1	0.946679
OTU002191	1	0.5577880000000001
OTU002192	4	0.565721
OTU002193	4	0.660274
OTU002194	1	0.874323
OTU002195	1	0.680624
OTU002196	1	1.174517
OTU002197	5	0.019185
OTU002198	1	0.45064499999999996
OTU002199	1	0.476021
OTU002200	1	0.373755
OTU002201	1	1.33905
OTU002202	2	1.509279
OTU002203	1	0.937125
OTU002204	1	0.518744
OTU002205	1	0.70689
OTU002206	4	0.5410520000000001
OTU002207	1	0.73288
OTU002208	1	0.608205
OTU002209	1	1.0000040000000001
OTU002210	1	0.7375189999999999
OTU002211	1	1.363961
OTU002212	2	0.22246100000000002
OTU002213	1	0.567937
OTU002214	1	0.42007
OTU002215	1	0.543222
OTU002216	2	0.19403099999999998
OTU002217	1	0.52925
OTU002218	4	0.280616
OTU002219	1	0.478024
OTU002220	4	0.792794
OTU002221	1	1.149076
OTU002222	1	0.658025
OTU002223	2	1.677886
OTU002224	1	1.34205
OTU002225	1	0.9815649999999999
OTU002226	1	1.523196
OTU002227	2	1.40081
OTU002228	1	1.013212
OTU002229	1	1.1430799999999999
OTU002230	1	1.26366
OTU002231	1	0.581447
OTU002232	1	0.37737800000000005
OTU002233	4	0.808604
OTU002234	1	1.559754
OTU002235	1	0.8389559999999999
OTU002236	1	0.921702
OTU002237	1	1.236879
OTU002238	1	0.652838
OTU002239	1	1.082975
OTU002240	4	0.541158
OTU002241	1	1.531464
OTU002242	1	1.173346
OTU002243	1	0.9211719999999999
OTU002244	4	0.790303
OTU002245	1	1.2000790000000001
OTU002246	1	0.43808800000000003
OTU002247	4	0.670461
OTU002248	2	1.2078209999999998
OTU002249	4	0.7372569999999999
OTU002250	1	0.7904770000000001
OTU002251	1	0.591421
OTU002252	1	0.7198439999999999
OTU002253	1	0.474681
OTU002254	1	0.137327
OTU002255	2	0.9866299999999999
OTU002256	1	3.7739839999999996
OTU002257	1	1.189762
OTU002258	1	1.6413970000000002
OTU002259	1	0.806064
OTU002260	2	1.164841
OTU002261	1	0.820361
OTU002262	1	1.210106
OTU002263	4	0.979123
OTU002264	1	0.878347
OTU002265	1	0.758081
OTU002266	1	0.71862
OTU002267	1	0.096901
OTU002268	1	1.04326
OTU002269	1	0.810029
OTU002270	1	0.372813
OTU002271	1	0.757777
OTU002272	1	0.826667
OTU002273	1	1.489588
OTU002274	1	0.492649
OTU002275	1	1.051485
OTU002276	1	1.574296
OTU002277	6	0.25353000000000003
OTU002278	1	1.184307
OTU002279	1	1.24435
OTU002280	1	0.49595500000000003
OTU002281	1	0.51449
OTU002282	1	0.7273270000000001
OTU002283	1	0.9800459999999999
OTU002284	6	1.409904
OTU002285	1	1.562938
OTU002286	1	0.632529
OTU002287	1	0.806538
OTU002288	1	0.684454
OTU002289	2	0.7217
OTU002290	1	0.730739
OTU002291	4	1.0874139999999999
OTU002292	1	0.466854
OTU002293	1	0.9463600000000001
OTU002294	1	0.961808
OTU002295	1	0.930816
OTU002296	1	0.330854
OTU002297	1	1.25105
OTU002298	1	0.598332
OTU002299	1	0.305632
OTU002300	1	1.538144
OTU002301	1	0.227729
OTU002302	1	0.648983
OTU002303	1	1.384699
OTU002304	1	0.12397799999999999
OTU002305	1	0.982466
OTU002306	1	1.039639
OTU002307	1	1.1815129999999998
OTU002308	1	1.277368
OTU002309	1	0.548416
OTU002310	4	0.815541
OTU002311	1	1.223182
OTU002312	1	1.012242
OTU002313	1	1.184508
OTU002314	1	1.4767
OTU002315	1	0.954015
OTU002316	1	0.6592020000000001
OTU002317	2	1.392955
OTU002318	1	0.73634
OTU002319	1	0.584731
OTU002320	1	1.541483
OTU002321	1	0.241983
OTU002322	1	1.307493
OTU002323	1	0.49003900000000006
OTU002324	1	0.284868
OTU002325	1	0.567783
OTU002326	1	0.877389
OTU002327	4	0.663218
OTU002328	2	0.9586399999999999
OTU002329	1	0.964324
OTU002330	1	0.703326
OTU002331	1	1.207907
OTU002332	1	0.629479
OTU002333	1	0.670862
OTU002334	4	0.795126
OTU002335	1	0.6599970000000001
OTU002336	4	0.7437699999999999
OTU002337	2	1.700616
OTU002338	4	0.619875
OTU002339	1	0.640687
OTU002340	2	0.39206599999999997
OTU002341	1	1.294316
OTU002342	1	0.7905479999999999
OTU002343	1	1.340217
OTU002344	1	1.382378
OTU002345	1	0.36273
OTU002346	2	1.5359459999999998
OTU002347	1	1.350956
OTU002348	1	0.279699
OTU002349	1	0.551659
OTU002350	3	0.185447
OTU002351	1	1.063604
OTU002352	1	0.44820200000000004
OTU002353	1	0.217169
OTU002354	2	0.841384
OTU002355	1	0.668462
OTU002356	1	0.5659350000000001
OTU002357	1	0.604119
OTU002358	2	1.285444
OTU002359	2	1.4038
OTU002360	1	0.40562600000000004
OTU002361	1	0.88366
OTU002362	4	0.758217
OTU002363	1	0.25116700000000003
OTU002364	1	0.857051
OTU002365	1	0.510241
OTU002366	1	1.1140809999999999
OTU002367	1	0.500784
OTU002368	1	0.64983
OTU002369	1	0.46457600000000004
OTU002370	1	0.194448
OTU002371	1	0.983554
OTU002372	1	1.3193840000000001
OTU002373	1	1.018428
OTU002374	1	0.88965
OTU002375	4	0.589309
OTU002376	1	0.68496
OTU002377	4	0.72416
OTU002378	2	1.189435
OTU002379	4	0.487655
OTU002380	2	0.126505
OTU002381	1	0.450216
OTU002382	4	0.832676
OTU002383	1	0.8964270000000001
OTU002384	1	0.878338
OTU002385	1	0.717545
OTU002386	4	0.324375
OTU002387	2	0.66693
OTU002388	1	0.17563199999999998
OTU002389	1	0.5109199999999999
OTU002390	1	0.9368139999999999
OTU002391	4	0.823918
OTU002392	2	0.687034
OTU002393	1	0.6360060000000001
OTU002394	1	0.48447299999999993
OTU002395	1	1.5241120000000001
OTU002396	1	1.076516
OTU002397	4	0.696976
OTU002398	1	1.280166
OTU002399	4	0.214128
OTU002400	4	0.616167
OTU002401	1	0.579458
OTU002402	1	0.902283
OTU002403	1	0.23273200000000002
OTU002404	1	0.39359299999999997
OTU002405	1	0.400652
OTU002406	2	0.30207
OTU002407	1	0.522404
OTU002408	4	0.615572
OTU002409	1	0.5934729999999999
OTU002410	1	0.621229
OTU002411	2	0.601877
OTU002412	4	0.909885
OTU002413	1	0.373398
OTU002414	1	0.511953
OTU002415	1	0.276569
OTU002416	1	0.79205
OTU002417	2	0.669164
OTU002418	1	0.8654959999999999
OTU002419	1	1.425503
OTU002420	1	0.638213
OTU002421	1	0.6969770000000001
OTU002422	1	0.8691030000000001
OTU002423	1	1.134343
OTU002424	1	0.5760569999999999
OTU002425	4	0.8277629999999999
OTU002426	1	0.8030520000000001
OTU002427	1	0.310667
OTU002428	1	0.9469879999999999
OTU002429	4	0.8498479999999999
OTU002430	1	0.814979
OTU002431	1	1.035561
OTU002432	1	0.853748
OTU002433	1	0.664326
OTU002434	1	0.681144
OTU002435	1	0.6646479999999999
OTU002436	1	0.638651
OTU002437	2	1.349045
OTU002438	1	0.5699569999999999
OTU002439	1	0.51281
OTU002440	1	0.3801
OTU002441	1	0.577643
OTU002442	1	1.078093
OTU002443	4	0.30783299999999997
OTU002444	1	1.328254
OTU002445	4	0.7517020000000001
OTU002446	1	0.331727
OTU002447	1	1.0320850000000001
OTU002448	1	0.6669510000000001
OTU002449	6	0.9272819999999999
OTU002450	4	0.562873
OTU002451	1	0.7007899999999999
OTU002452	4	0.943343
OTU002453	1	1.073574
OTU002454	1	0.672867
OTU002455	1	0.403769
OTU002456	1	1.0896219999999999
OTU002457	1	0.226429
OTU002458	1	0.8921469999999999
OTU002459	1	1.028902
OTU002460	1	1.80646
OTU002461	1	0.690608
OTU002462	4	0.741812
OTU002463	1	0.6097130000000001
OTU002464	1	0.9479629999999999
OTU002465	1	0.517364
OTU002466	1	0.613106
OTU002467	1	0.728306
OTU002468	1	0.691176
OTU002469	1	0.555248
OTU002470	1	1.626174
OTU002471	1	0.8653850000000001
OTU002472	1	0.843937
OTU002473	1	1.554278
OTU002474	1	0.496738
OTU002475	1	0.5352399999999999
OTU002476	1	0.751829
OTU002477	1	0.289142
OTU002478	1	1.289035
OTU002479	1	0.4548
OTU002480	1	0.29162
OTU002481	2	1.56037
OTU002482	1	1.243254
OTU002483	1	0.268306
OTU002484	2	0.864359
OTU002485	1	1.6865029999999999
OTU002486	1	1.430821
OTU002487	1	0.242821
OTU002488	1	0.664246
OTU002489	1	1.207956
OTU002490	1	0.5992310000000001
OTU002491	3	0.22041799999999998
OTU002492	1	0.481483
OTU002493	1	0.295134
OTU002494	1	1.116857
OTU002495	1	0.9983850000000001
OTU002496	1	0.766738
OTU002497	1	0.91117
OTU002498	1	0.20581
OTU002499	1	0.624035
OTU002500	1	1.102527
OTU002501	1	1.439086
OTU002502	1	0.8515450000000001
OTU002503	1	0.751107
OTU002504	2	0.7761979999999999
OTU002505	4	0.570241
